西暦（年）,all_people,Volume_sum,Volume_mean,train_year_stooq,train_year+1_stooq,change,UpDown
2005.0,127767994.0,1288293322.336367,5258340.091168847,1309.397102040816,2272.1522580645183,962.7551560237023,1
2005.0,127767994.0,1288293322.336367,5258340.091168847,1309.397102040816,2272.1522580645183,962.7551560237023,1
2005.0,127767994.0,1453167867.091411,5931297.416699639,1280.2025306122464,2309.5489919354845,1029.3464613232381,1
2005.0,127767994.0,542661645.3056195,2214945.4910433446,1079.4953183673472,1546.7964112903253,467.3010929229781,1
2010.0,128057352.0,718700836.1674237,2933472.8006833605,744.0626448979594,791.4825673469383,47.41992244897881,1
2015.0,127094745.0,666610988.4687814,2732012.247822875,2289.427336065576,2444.887581967215,155.4602459016387,1
2005.0,127767994.0,676005830.5628533,2759207.4716851166,939.0170408163268,1303.5684677419354,364.55142692560855,1
2005.0,127767994.0,933533072.1273252,3810339.0699074473,1391.849632653062,2901.39826612903,1509.5486334759682,1
2005.0,127767994.0,88814632.82178822,460179.4446724778,3730.349326424872,4619.210766129033,888.8614397041611,1
2010.0,128057352.0,119068386.26828527,485993.4133399399,3847.497183673469,5301.437795918367,1453.9406122448977,1
2015.0,127094745.0,114839273.83559966,470652.76162131,10437.98668032787,12951.307786885243,2513.321106557374,1
2005.0,127767994.0,622511555.7745323,3225448.475515709,644.2565906735747,825.5884395161289,181.33184884255422,1
2010.0,128057352.0,512180402.23235786,2090532.254009624,489.71093061224514,545.2374693877547,55.52653877550955,1
2005.0,127767994.0,38251105.644495934,198192.2572253676,1484.7843523316064,2555.23560483871,1070.4512525071036,1
2010.0,128057352.0,14548609.086049717,59382.0779022437,561.7570775510202,566.6846775510197,4.927599999999529,1
2015.0,127094745.0,309006163.04386306,1266418.7009994388,1657.8899590163917,1814.668852459015,156.77889344262326,1
2015.0,127094745.0,253322883.7803112,1038208.5400832428,813.2137131147538,1076.7188770491805,263.5051639344267,1
2010.0,128057352.0,232796038.6171875,950187.9127232142,1030.1810204081632,1032.3080163265308,2.1269959183675837,1
2005.0,127767994.0,78461581.58642012,406536.692157617,905.8062176165802,1008.1387217741944,102.33250415761427,1
2010.0,128057352.0,102884826.52843083,419938.06746298313,584.9955755102038,592.5073428571425,7.5117673469386546,1
2015.0,127094745.0,180489769.7486161,739712.1711008861,1201.7404180327874,1211.278155737706,9.537737704918527,1
2005.0,127767994.0,89127789.80698761,461802.01972532464,1838.906165803109,2409.869475806452,570.9633100033432,1
2010.0,128057352.0,129589465.08349536,528936.5921775318,1611.8766530612222,1615.439224489796,3.562571428573847,1
2005.0,127767994.0,205949743.57369092,1067097.1169621297,1416.804922279793,2071.2748790322566,654.4699567524638,1
2005.0,127767994.0,161094869.0,834688.4404145078,1065.6523316062176,1557.930120967742,492.27778936152436,1
2015.0,127094745.0,226693244.0,929070.6721311476,1990.5511885245887,2747.630696721312,757.079508196723,1
2005.0,127767994.0,2014229.5227382665,24867.03114491688,29.88597283950617,30.38832293577981,0.5023500962736414,1
2005.0,127767994.0,50366931.96742107,205579.314152739,2261.382775510204,3262.6330645161293,1001.2502890059254,1
2010.0,128057352.0,2790054.7521961,11722.919126874382,293.9464789915968,304.4476694560673,10.501190464470483,1
2015.0,127094745.0,30730119.99043073,125943.1147148801,1732.8127049180328,1888.458483606556,155.64577868852325,1
2015.0,127094745.0,51576994.80246379,211381.12623960568,889.2937090163931,931.533409836066,42.23970081967286,1
2005.0,127767994.0,205775286.0,1066193.1917098446,2061.5055440414512,3573.80120967742,1512.2956656359688,1
2015.0,127094745.0,909099716.0,3725818.508196721,579.0415163934424,585.4488114754101,6.407295081967732,1
2005.0,127767994.0,51571099.0,267207.7668393782,222.27699481865284,282.6337096774193,60.35671485876645,1
2015.0,127094745.0,111743236.0,457964.08196721313,626.9124180327871,692.5258606557378,65.61344262295074,1
2010.0,128057352.0,4125328.252776409,16838.07450112821,228.50613877551024,242.00057142857148,13.494432653061239,1
2015.0,127094745.0,62707615.001844026,256998.42213870515,822.755032786885,839.7719221311476,17.01688934426261,1
2005.0,127767994.0,347114546.0526717,1807888.260690999,148.48948186528497,179.598241935484,31.108760070199025,1
2015.0,127094745.0,249459233.0,1022373.905737705,204.5510245901644,251.12311475409848,46.57209016393409,1
2005.0,127767994.0,53001117.13712253,292823.8515863124,175.24396132596678,176.99559919028334,1.7516378643165638,1
2010.0,128057352.0,1228012.0387059806,7017.2116497484585,259.05415999999985,348.1179689119168,89.06380891191696,1
2015.0,127094745.0,7470746.099231929,1494149.2198463858,507.6098,894.6929713114756,387.0831713114756,1
2005.0,127767994.0,26370108.871697664,136632.68845439196,1194.4961243523312,2076.105,881.6088756476688,1
2015.0,127094745.0,127352649.58650348,521937.0884692766,790.3448483606555,823.8597622950816,33.51491393442609,1
2005.0,127767994.0,38845447.66718672,201271.7495709157,2882.3863212435226,4709.907822580648,1827.5215013371253,1
2005.0,127767994.0,89099705.6420923,461656.5059175768,467.27065803108815,591.6426290322577,124.37197100116953,1
2015.0,127094745.0,26654826.22222639,109241.09107469831,804.1028729508188,831.8535204918034,27.750647540984573,1
2005.0,127767994.0,11157205.926218305,57809.357130664765,646.9754196891193,738.4520887096779,91.47666902055857,1
2005.0,127767994.0,438947.0,2537.265895953757,4537.656127167631,4873.660903954804,336.0047767871729,1
2010.0,128057352.0,625152.0,3256.0,3548.058125000003,3588.309891304349,40.25176630434589,1
2015.0,127094745.0,714706.0,3403.361904761905,4969.955047619047,4980.549154228857,10.594106609810297,1
2010.0,128057352.0,4303320.688577528,17564.57423909194,1037.058122448979,1132.8901387755104,95.8320163265314,1
2010.0,128057352.0,4517570.0,18439.0612244898,391.6483673469386,462.76134693877526,71.11297959183668,1
2005.0,127767994.0,60128013.47431048,311544.1112658573,227.02388082901555,357.134302419355,130.11042159033943,1
2010.0,128057352.0,541391784.7635329,2209762.3867899296,95.5040183673469,99.64828408163264,4.144265714285737,1
2015.0,127094745.0,352529981.30893564,1444795.0053644895,511.1996065573766,550.4926680327865,39.29306147540984,1
2005.0,127767994.0,11238009.99713148,58228.03107322013,284.9603316062176,332.8213669354842,47.8610353292666,1
2010.0,128057352.0,13413388.450025689,54748.52428581911,116.43237142857144,173.49647346938778,57.06410204081634,1
2010.0,128057352.0,2416409.0,10110.497907949792,151.49418410041832,195.9138653061224,44.41968120570408,1
2005.0,127767994.0,7491559.424,38816.370072538855,550.5111761658035,556.2844634146342,5.773287248830684,1
2010.0,128057352.0,2241152.0,9299.385892116186,132.86659751037354,134.69978189300411,1.8331843826305771,1
2005.0,127767994.0,7511335.031050052,38918.8343577723,2312.326321243523,2997.7195161290333,685.3931948855102,1
2015.0,127094745.0,9503243.0050321,38947.717233738105,922.8453114754092,1028.4043975409838,105.55908606557466,1
2015.0,127094745.0,59679824.157647885,244589.4432690489,425.02757377049176,442.0598237704917,17.03224999999992,1
2010.0,128057352.0,478139.5475292644,2309.8528866148013,270.6219565217389,340.4390954545455,69.81713893280659,1
2005.0,127767994.0,12738235.117386496,66001.21822480048,527.4971761658031,628.8496612903225,101.35248512451938,1
2010.0,128057352.0,8438469.603864536,37671.73930296671,21.720101339285694,31.200063366336654,9.47996202705096,1
2005.0,127767994.0,1719447.6504929035,8909.055183901055,4331.022383419689,5236.294516129025,905.2721327093368,1
2010.0,128057352.0,1101823.602788361,5077.528123448665,364.2548663594468,377.62054377880247,13.365677419355677,1
2005.0,127767994.0,17973566.628133185,93127.28822866938,522.7575699481864,608.4146491935485,85.65707924536207,1
2010.0,128057352.0,10784322.21377312,44017.641688869895,256.2526897959181,300.6741074380167,44.42141764209856,1
2015.0,127094745.0,31866316.414773986,130599.6574375983,546.9382377049182,554.3375778688521,7.399340163933971,1
2005.0,127767994.0,8374692.733812064,43392.19033063246,643.4002072538859,690.4878870967747,47.08767984288875,1
2015.0,127094745.0,11109708.985092437,45531.59420119848,877.797581967213,882.2673196721308,4.469737704917861,1
2005.0,127767994.0,17660908.92494567,91507.30012925212,687.4733316062178,826.7218548387092,139.24852323249138,1
2010.0,128057352.0,3897285.667505678,15907.28843879869,360.7149469387754,549.7813999999997,189.0664530612243,1
2005.0,127767994.0,28998720.0,150252.43523316062,598.5870984455966,694.6197983870962,96.03269994149969,1
2005.0,127767994.0,5888951.159716276,30512.70030941077,1309.1183937823823,1320.006504032258,10.88811024987558,1
2010.0,128057352.0,1363820.979363487,5566.616242299952,811.6016408163277,880.4801265306124,68.8784857142847,1
2005.0,127767994.0,17789966.0,92175.9896373057,1028.601865284974,1394.7474193548385,366.1455540698644,1
2015.0,127094745.0,22234891.0,91126.6024590164,401.9343032786887,446.4714754098361,44.53717213114743,1
2005.0,127767994.0,19540277.458515696,101244.96092495184,1153.792803108808,1311.4684798387104,157.67567672990253,1
2015.0,127094745.0,7735171.85537717,31701.523997447417,1183.6844999999985,1360.8629918032786,177.17849180328017,1
2010.0,128057352.0,14038914.0,57301.68979591837,71.5489551020409,73.06435802469127,1.5154029226503667,1
2015.0,127094745.0,302806181.0,1241008.93852459,182.0472950819672,362.5674590163934,180.5201639344262,1
2010.0,128057352.0,11337090.0,46273.83673469388,102.0342816326531,120.3595918367346,18.32531020408149,1
2015.0,127094745.0,24161807.0,99023.79918032789,278.1407377049181,278.30909836065564,0.16836065573755832,1
2015.0,127094745.0,47995878.0,253946.44444444444,795.3126455026453,900.2615983606563,104.94895285801101,1
2015.0,127094745.0,278471816.9191042,14656411.416794956,360.0674210526317,839.2485081967213,479.18108714408964,1
2015.0,127094745.0,3307388.31624991,13554.870148565202,619.8871188524595,653.5739380165294,33.6868191640699,1
2010.0,128057352.0,6935650.953008292,28659.714681852434,111.70869504132229,173.0517061224489,61.34301108112662,1
2010.0,128057352.0,3491146.976970497,14249.579497838768,128.81045306122437,145.18148523206767,16.371032170843307,1
2005.0,127767994.0,19120921.0,99072.12953367876,2228.228393782384,2299.41072580645,71.182332024066,1
2005.0,127767994.0,8601260.856229605,44566.11842606015,13606.308911917104,35458.84677419359,21852.537862276484,1
2010.0,128057352.0,491449.80652592937,2340.237173932998,242.71866666666693,280.18062085308054,37.46195418641361,1
2010.0,128057352.0,533357.0,2721.2091836734694,300.27489795918353,537.1866390041495,236.91174104496594,1
2015.0,127094745.0,1890284.0,7747.065573770492,1005.4931967213122,1125.99470338983,120.50150666851778,1
2010.0,128057352.0,2531565.9251003256,10332.922143266624,253.54111428571412,304.280244813278,50.73913052756387,1
2010.0,128057352.0,32804956.0,134999.81893004116,88.54926748971205,98.05069795918386,9.501430469471813,1
2010.0,128057352.0,59545900.0,243044.4897959184,27.26938775510204,33.114285714285714,5.8448979591836725,1
2015.0,127094745.0,84140300.0,344837.2950819672,82.48360655737704,87.94672131147541,5.46311475409837,1
2010.0,128057352.0,238587.0,3313.708333333333,202.1119444444444,229.12186274509804,27.009918300653652,1
2005.0,127767994.0,173252683.0,897682.2953367876,3161.432487046633,3342.700040322578,181.26755327594492,1
2015.0,127094745.0,89063000.0,365012.2950819672,44.278688524590166,46.71311475409836,2.4344262295081975,1
2015.0,127094745.0,5971774.0,24575.201646090536,702.7004938271604,963.3925941422592,260.69210031509886,1
2015.0,127094745.0,1834712.700957872,7612.915771609423,726.1781493775924,740.3370622406634,14.15891286307101,1
2015.0,127094745.0,33477134.727592364,137201.3718343949,446.4238852459022,984.1819713114758,537.7580860655735,1
2010.0,128057352.0,332455.0,2201.6887417218545,82.77608609271525,155.22339869281046,72.44731260009522,1
2015.0,127094745.0,3043565.0,12473.627049180328,346.90389344262303,407.0752459016393,60.17135245901625,1
2010.0,128057352.0,5187967.101541481,21175.37592465911,494.7010979591837,550.5552254098363,55.85412745065264,1
2005.0,127767994.0,3436685.0,19526.61931818182,461.6394886363637,465.662837837838,4.023349201474332,1
2010.0,128057352.0,443181.0,2637.9821428571427,99.7566309523809,136.62803225806454,36.871401305683634,1
2010.0,128057352.0,1006169.7810032124,5953.667343214268,70.22449704142021,89.97620929203548,19.75171225061527,1
2015.0,127094745.0,9774235.91222718,40058.343902570414,287.06837295081965,435.0261957446804,147.95782279386077,1
2010.0,128057352.0,241339225.8816057,985058.0648228806,201.73667102040832,255.9996587755103,54.26298775510199,1
2015.0,127094745.0,203286455.25285703,833141.210052693,182.1558360655739,268.4812377049185,86.32540163934459,1
2010.0,128057352.0,6810308.0,27797.17551020408,161.98767346938774,225.84661224489807,63.858938775510325,1
2015.0,127094745.0,7695361.0,31538.36475409836,183.18602459016392,195.62233606557348,12.436311475409553,1
2010.0,128057352.0,6786454.738824576,27813.339093543356,78.5290032786885,94.14535795918373,15.61635468049522,1
2005.0,127767994.0,101877486.0,527862.621761658,564.8554922279793,688.4463306451611,123.59083841718177,1
2010.0,128057352.0,7512509.0,30663.302040816325,151.8015102040817,152.7203673469388,0.9188571428570924,1
2015.0,127094745.0,14086218.143325211,57730.40222674268,591.4776885245898,630.1703975409832,38.69270901639345,1
2015.0,127094745.0,10473891.42886237,42925.78454451796,615.7158442622949,667.6053483606551,51.889504098360135,1
2005.0,127767994.0,664584.0,3592.345945945946,2239.989891891892,2617.2517813765166,377.2618894846246,1
2010.0,128057352.0,1146357.0,9026.433070866142,29.988503937007856,40.288073684210495,10.29956974720264,1
2015.0,127094745.0,16653334.0,68251.36885245901,230.03200819672105,277.68143442622943,47.64942622950838,1
2015.0,127094745.0,1807253.0,19859.92307692308,197.8795604395605,233.97745762711864,36.09789718755815,1
2010.0,128057352.0,6325421.0,25818.044897959186,98.99975918367356,136.29163265306124,37.29187346938768,1
2010.0,128057352.0,210790.7623982326,1277.5197721105012,1431.6641515151507,1605.4376767676763,173.7735252525256,1
2015.0,127094745.0,697113.4229637448,3154.359379926447,1422.7386877828042,1480.4799481865284,57.741260403724255,1
2015.0,127094745.0,2611065.2429818013,10834.295614032386,667.8963692946061,687.2376803278687,19.341311033262627,1
2010.0,128057352.0,1369935894.861066,5591575.081065577,1323.7240408163264,1233.3150897959183,-90.40895102040804,-1
2015.0,127094745.0,1241840168.1419575,5089508.885827697,3008.5942213114736,2255.319057377049,-753.2751639344247,-1
2010.0,128057352.0,1369935894.861066,5591575.081065577,1323.7240408163264,1233.3150897959183,-90.40895102040804,-1
2015.0,127094745.0,1241840168.1419575,5089508.885827697,3008.5942213114736,2255.319057377049,-753.2751639344247,-1
2010.0,128057352.0,1624474896.0721269,6630509.779886232,1289.3096326530615,1261.829714285714,-27.47991836734741,-1
2015.0,127094745.0,1477314098.398066,6054565.977041256,2407.413196721311,1901.7292622950813,-505.6839344262298,-1
2010.0,128057352.0,968190812.50113,3951799.234698488,630.4707102040812,569.1898367346937,-61.28087346938753,-1
2015.0,127094745.0,1164939721.9975338,4774343.122940714,1421.9632377049177,1416.250204918033,-5.713032786884696,-1
2010.0,128057352.0,858771664.8912361,3505190.4689438217,1601.771102040816,1600.8305714285702,-0.940530612245766,-1
2015.0,127094745.0,662615587.9845762,2715637.655674492,3909.86987704918,2774.293975409836,-1135.575901639344,-1
2015.0,127094745.0,581027640.0214201,2381260.81975992,1255.072663934426,1254.10868852459,-0.963975409835939,-1
2015.0,127094745.0,543355020.9172307,2226864.839824716,993.2281844262292,883.8873934426227,-109.34079098360644,-1
2015.0,127094745.0,297851230.49062496,1220701.76430584,1871.2532377049197,1524.414754098361,-346.8384836065586,-1
2015.0,127094745.0,895003584.794349,3668047.478665365,765.6016967213118,594.3916967213115,-171.21000000000026,-1
2015.0,127094745.0,224626336.5162982,920599.739820894,1856.942827868852,1339.479631147541,-517.4631967213109,-1
2010.0,128057352.0,1059017788.5389142,4322521.585873121,562.8240163265309,489.0092653061226,-73.81475102040832,-1
2015.0,127094745.0,585786911.1925815,2400766.0294777937,1395.6325819672138,1125.6974262295084,-269.9351557377054,-1
2010.0,128057352.0,113142280.0,461805.2244897959,789.7217142857145,763.6029387755106,-26.118775510203932,-1
2010.0,128057352.0,1848988.921673388,23704.986175299862,37.68318205128205,36.83354672131149,-0.8496353299705603,-1
2015.0,127094745.0,1545195.816185411,8880.435725203512,51.24996896551721,44.014414814814906,-7.235554150702306,-1
2010.0,128057352.0,36104216.322350666,147364.14825449232,1064.1695714285736,816.1680897959186,-248.001481632655,-1
2015.0,127094745.0,85779913.75429234,351557.02358316537,1393.4545491803294,1209.8684385245904,-183.58611065573905,-1
2010.0,128057352.0,59278.490738824505,241.95302342377357,37562.56530612245,12362.172522448976,-25200.392783673473,-1
2010.0,128057352.0,2037319087.0,8315588.110204082,246.2827306122448,123.96700408163262,-122.31572653061217,-1
2010.0,128057352.0,30062441.0,122703.84081632653,115.4124653061224,106.3070857142857,-9.105379591836694,-1
2015.0,127094745.0,36681833.33829115,150335.38253398013,427.8044836065573,381.0783975409836,-46.726086065573725,-1
2010.0,128057352.0,95533214.42705962,389931.4874573863,33.35980571428572,31.31974408163264,-2.0400616326530816,-1
2015.0,127094745.0,870720066.6776197,3568524.8634328684,131.16069303278698,110.81599180327858,-20.344701229508402,-1
2010.0,128057352.0,93666053.0,382310.4204081633,48.57459183673473,42.77454693877547,-5.8000448979592605,-1
2015.0,127094745.0,1106248.46225194,6249.991312157853,743.0052768361583,713.7529822485208,-29.252294587637493,-1
2010.0,128057352.0,30826881.16956854,125824.00477374918,93.1341808163265,72.1950636734694,-20.9391171428571,-1
2010.0,128057352.0,49484526.98295287,201977.6611549097,1705.975428571429,1334.5015551020408,-371.4738734693881,-1
2015.0,127094745.0,32743382.00355817,134194.18853917278,1850.609754098361,1465.5059836065575,-385.1037704918035,-1
2010.0,128057352.0,61584900.02070727,251366.93886002968,318.3216489795925,314.1971387755106,-4.124510204081901,-1
2010.0,128057352.0,8803876.59393264,35934.190179316895,343.40155510204085,324.18960000000027,-19.211955102040577,-1
2015.0,127094745.0,21742022.57610897,89106.64990208595,600.1827008196723,489.30248360655713,-110.88021721311515,-1
2005.0,127767994.0,16388395.695100162,84913.9673321252,1573.3044041450764,1561.774637096774,-11.529767048302347,-1
2015.0,127094745.0,9422747.140414648,38617.81614924039,1966.0400819672143,1668.6932377049177,-297.3468442622966,-1
2005.0,127767994.0,4495309.0,23291.75647668394,874.1285492227978,819.7656048387094,-54.36294438408845,-1
2015.0,127094745.0,11247716.0,46097.19672131148,1130.498647540984,844.2338114754103,-286.2648360655736,-1
2015.0,127094745.0,90000188.65402871,368853.2321886421,736.4779549180333,634.9731311475413,-101.50482377049207,-1
2015.0,127094745.0,10073064.0,41283.04918032787,1781.5009426229497,1652.116270491803,-129.38467213114654,-1
2015.0,127094745.0,25703281.664,105341.318295082,436.25506967213096,428.4666844262292,-7.788385245901736,-1
2015.0,127094745.0,14876648.270141246,87509.69570671325,648.9128647058825,613.3034385245896,-35.60942618129286,-1
2010.0,128057352.0,10048154.572423462,41012.87580581006,654.7438285714289,629.7508857142857,-24.992942857143248,-1
2015.0,127094745.0,7522184.973504451,30828.626940592003,1053.7636721311476,958.628077868853,-95.1355942622946,-1
2015.0,127094745.0,15048551.0,61674.38934426229,508.6285655737709,448.3400819672131,-60.288483606557804,-1
2015.0,127094745.0,18462578.0,75666.30327868853,492.1050409836066,359.07979508196723,-133.02524590163938,-1
2005.0,127767994.0,1954205.2917553757,10125.416019457904,984.821046632124,810.4902983870967,-174.33074824502728,-1
2015.0,127094745.0,3372110.9704091577,13820.126927906384,1625.9816393442618,1575.054590163934,-50.927049180327685,-1
2010.0,128057352.0,22370301.97366246,91307.35499454068,328.19326938775527,270.27446122448947,-57.918808163265794,-1
2015.0,127094745.0,11884439.862087812,48706.7207462615,542.8774221311473,442.8659590163935,-100.01146311475384,-1
2015.0,127094745.0,66482700.26260082,272470.08304344583,310.7917622950821,283.7210819672133,-27.070680327868786,-1
2015.0,127094745.0,115694496.0,474157.7704918033,144.27383606557368,102.92468442622948,-41.3491516393442,-1
2010.0,128057352.0,518733.2899433014,2117.278734462455,3106.600897959183,2518.8073469387746,-587.7935510204084,-1
2015.0,127094745.0,1012194.066876402,4148.336339657387,4586.128770491808,4481.043852459016,-105.08491803279139,-1
2015.0,127094745.0,3045714.9686847166,12482.438396248845,1087.968004098362,1086.7165655737715,-1.2514385245904123,-1
2010.0,128057352.0,1199343.4020217534,5738.485177137575,224.3840334928228,216.8992028985509,-7.484830594271898,-1
2015.0,127094745.0,3320770.154566788,13609.713748224542,419.2794713114757,376.1377172995783,-43.141754011897376,-1
2010.0,128057352.0,3033315.6372528006,12380.88015205224,407.4884244897962,348.26182857142845,-59.226595918367764,-1
2015.0,127094745.0,16297281.253197748,66792.13628359728,765.475729508196,703.6706024590171,-61.80512704917885,-1
2010.0,128057352.0,69298797.0,282852.2326530612,219.69795918367348,204.0983265306123,-15.599632653061178,-1
2015.0,127094745.0,17638874.0,72290.46721311475,370.04815573770446,326.339549180328,-43.70860655737647,-1
2015.0,127094745.0,6178276.443217639,25320.805095154272,1265.6120081967215,1012.3320819672134,-253.27992622950808,-1
2010.0,128057352.0,19469586.0,79467.69795918367,352.34922448979586,331.6509795918365,-20.69824489795934,-1
2010.0,128057352.0,4343776.189941477,17875.622180829127,277.83330041152243,266.47637037037026,-11.356930041152168,-1
2015.0,127094745.0,51986756.9915791,213060.47947368483,1323.745147540984,1247.0922008196728,-76.65294672131108,-1
2010.0,128057352.0,5560671.428760491,22696.61807657343,574.0573306122446,558.4815224489798,-15.57580816326481,-1
2015.0,127094745.0,6605936.734918479,27073.51120868228,1177.0912295081964,1131.769024590164,-45.32220491803241,-1
2005.0,127767994.0,49593151.0,2755175.0555555555,643.7499999999999,641.3370564516119,-2.4129435483879433,-1
2010.0,128057352.0,18360767.0,74941.90612244899,276.803510204082,157.30024489795915,-119.50326530612284,-1
2015.0,127094745.0,19142610.0,78453.31967213115,497.1603688524588,367.5129098360657,-129.6474590163931,-1
2010.0,128057352.0,284625.94237195,1490.1881799578532,265.4127382198952,244.05700000000007,-21.355738219895102,-1
2015.0,127094745.0,90582375.07581615,371239.24211400055,448.83081147540975,327.1569631147539,-121.67384836065582,-1
2015.0,127094745.0,5067987.0794562325,20770.43885023047,444.1967008196723,443.8274773662552,-0.36922345341707796,-1
2015.0,127094745.0,43170041.0,176926.3975409836,1078.302909836066,786.4358606557385,-291.8670491803275,-1
2010.0,128057352.0,460782424.0,1880744.587755102,27.76848979591837,17.112857142857145,-10.655632653061225,-1
2015.0,127094745.0,1485332932.0,6087430.049180328,19.01692622950819,15.791311475409833,-3.2256147540983573,-1
2010.0,128057352.0,63596721.09617546,259578.45345377736,548.5837102040816,291.2803714285716,-257.30333877551004,-1
2015.0,127094745.0,46567752.46959928,190851.444547538,1213.234286885246,1082.9217704918033,-130.31251639344282,-1
2015.0,127094745.0,2490560.267412547,10207.214210707156,647.43731147541,603.3035349794243,-44.13377649598567,-1
2015.0,127094745.0,5284923.831989383,21659.52390159583,806.5081557377041,704.9106229508199,-101.59753278688424,-1
2005.0,127767994.0,6370115.930756043,33005.7820246427,1456.9343005181363,1321.700161290323,-135.23413922781333,-1
2010.0,128057352.0,4517717.632415238,18439.663805776483,591.5810285714288,583.3084000000001,-8.27262857142864,-1
2015.0,127094745.0,8163655.869049307,33457.606020693886,905.629331967212,741.6996024590161,-163.92972950819592,-1
2015.0,127094745.0,3565811.0,14613.97950819672,1006.0073360655736,790.0276446280985,-215.97969143747503,-1
2015.0,127094745.0,31878919.0,130651.30737704918,610.5575,300.37086065573766,-310.18663934426235,-1
2010.0,128057352.0,789880.0,4071.546391752577,501.6692268041239,500.2362616822432,-1.432965121880727,-1
2015.0,127094745.0,4175794.635446373,17184.340063565316,602.3797983539092,563.9158971193418,-38.4639012345674,-1
2015.0,127094745.0,20954868.0,85880.60655737705,316.31942622950834,296.0322950819672,-20.287131147541118,-1
2010.0,128057352.0,140039.3707018506,703.7154306625654,2188.5136180904537,1963.6473770491805,-224.86624104127327,-1
2015.0,127094745.0,356216.3202696696,1542.061992509394,3208.790952380952,3129.6142325581404,-79.17671982281172,-1
2010.0,128057352.0,7093631.627641553,30444.770934083917,52.89706051502149,49.49452499999997,-3.402535515021519,-1
2015.0,127094745.0,54146569.72242904,221912.1709935617,250.84182377049189,246.55076229508197,-4.291061475409919,-1
2010.0,128057352.0,32973443.0,134585.48163265307,185.4067755102041,159.80881632653072,-25.597959183673396,-1
2015.0,127094745.0,54345265.0,222726.4959016393,171.00327868852452,138.00520491803252,-32.998073770492,-1
2015.0,127094745.0,4049446.685484329,16596.092973296436,597.1486721311474,517.7026803278688,-79.4459918032785,-1
2015.0,127094745.0,6515382.0,26702.38524590164,525.1109426229503,449.125655737705,-75.98528688524533,-1
2015.0,127094745.0,4980245.0,20410.840163934427,935.8272950819672,918.2330737704916,-17.59422131147562,-1
2010.0,128057352.0,81642.0,540.6754966887418,2643.708013245037,2502.865985401459,-140.84202784357785,-1
2015.0,127094745.0,266148.0,1104.3485477178424,3031.7189211618265,2973.184794520548,-58.53412664127836,-1
2010.0,128057352.0,4379181.0,17874.208163265306,1229.0273469387762,1060.4825306122443,-168.54481632653187,-1
2015.0,127094745.0,5478649.0,22453.47950819672,1331.8306147540984,1207.664631147541,-124.16598360655735,-1
2015.0,127094745.0,10160763.0,1693460.5,482.4533333333333,467.0419262295084,-15.4114071038249,-1
2010.0,128057352.0,10283193.0,41972.216326530615,194.6938775510204,193.87755102040816,-0.8163265306122298,-1
2010.0,128057352.0,507799.0,2526.363184079602,227.3142288557216,163.89725714285734,-63.41697171286427,-1
2010.0,128057352.0,16383925.952537268,66873.16715321335,269.57641224489805,207.42833877551016,-62.148073469387896,-1
2010.0,128057352.0,10310710.757873263,42084.533705605165,406.0140204081633,377.8468938775507,-28.167126530612563,-1
2015.0,127094745.0,19737652.565598965,80892.01871147119,612.5252090163931,585.2266721311478,-27.298536885245312,-1
2015.0,127094745.0,10990667.744894732,45043.720265962045,296.12394262295123,231.9957295081967,-64.12821311475454,-1
2015.0,127094745.0,19646799.0,80519.66803278688,776.7543032786886,699.6372540983607,-77.11704918032785,-1
2015.0,127094745.0,4065596.073095702,16730.848037430882,770.0532921810699,580.2265523012555,-189.82673987981434,-1
2015.0,127094745.0,8676857.0,35560.889344262294,352.34163934426283,314.76381147541,-37.57782786885281,-1
2015.0,127094745.0,3399405.219504105,13931.988604525028,655.6197622950823,624.2819419087137,-31.33782038636855,-1
2015.0,127094745.0,13543535.0,55506.29098360656,382.0825,355.11303278688547,-26.969467213114513,-1
2010.0,128057352.0,60607111.49572409,247375.96528866971,139.259972244898,88.20668571428575,-51.05328653061224,-1
2015.0,127094745.0,102566819.00782308,420355.8156058325,107.61713811475424,95.87398606557386,-11.743152049180381,-1
2010.0,128057352.0,72597200.0,296315.10204081633,47.57551020408163,47.42448979591837,-0.15102040816326223,-1
2015.0,127094745.0,559558100.0,2293270.901639344,39.05737704918032,23.37295081967213,-15.684426229508187,-1
2005.0,127767994.0,5478134.651927015,28384.117367497507,359.8604715025906,263.7254072580646,-96.135064244526,-1
2015.0,127094745.0,8660436.97062416,35493.59414190229,179.31575409836046,139.81464754098354,-39.501106557376914,-1
2015.0,127094745.0,116168669.0,476101.1024590164,273.71430327868813,195.86004098360723,-77.8542622950809,-1
2005.0,127767994.0,29381500.189012077,167894.28679435467,2583.0877714285725,1879.372500000002,-703.7152714285705,-1
2010.0,128057352.0,6584440.30151742,26875.26653680577,543.4608897959187,350.8526926229507,-192.60819717296795,-1
2010.0,128057352.0,358268.0,1474.3539094650205,830.1487654320987,752.8654166666669,-77.28334876543181,-1
2015.0,127094745.0,1005463.0,4120.75,599.7236065573766,416.8444117647056,-182.87919479267094,-1
2010.0,128057352.0,787464.5489908347,6104.376348766159,157.85593023255814,97.07387487437192,-60.78205535818621,-1
2015.0,127094745.0,5572323.058619916,22931.37061160459,759.2350987654323,519.3558688524594,-239.87922991297296,-1
2015.0,127094745.0,5144176.26137333,21082.689595792344,547.2279262295078,499.364606557377,-47.86331967213084,-1
2010.0,128057352.0,908408.0,3785.033333333333,487.3664999999995,408.1127800829884,-79.2537199170111,-1
2015.0,127094745.0,2683293.0,10997.102459016394,484.6348360655735,432.9397950819674,-51.69504098360608,-1
2015.0,127094745.0,19275069.0,78996.1844262295,338.3245901639346,275.63028688524565,-62.69430327868895,-1
2010.0,128057352.0,80959805.0,1372200.0847457626,123.09854237288135,92.6766816326531,-30.421860740228254,-1
2015.0,127094745.0,22122665.0,90666.65983606558,233.31151639344247,200.9669672131148,-32.344549180327675,-1
2015.0,127094745.0,121892489.0,499559.381147541,466.6320491803282,310.504057377049,-156.1279918032792,-1
2010.0,128057352.0,54953.12324344639,544.0903291430336,1181.835742574258,1156.4228571428573,-25.412885431400582,-1
2015.0,127094745.0,241801.4726923812,1191.1402595683792,2140.097192118225,2045.3822435897448,-94.71494852848014,-1
2010.0,128057352.0,70285.0,524.5149253731344,1544.3848507462678,1484.8329591836732,-59.55189156259462,-1
2015.0,127094745.0,456118.0,2009.3303964757708,2128.8951101321627,2066.3284000000044,-62.56671013215828,-1
